user_id,created_at
9151591241,Mon Mar 13 10:39:14 2017
9106210144,Mon Mar 13 10:34:13 2017
7903793482,Sat Mar 11 20:53:38 2017
3514067198,Fri Mar 10 13:44:27 2017
5848393859,Fri Mar 10 12:02:23 2017
5943734899,Fri Mar 10 10:22:54 2017
7941804201,Fri Mar 10 07:35:22 2017
4998024903,Thu Mar  9 14:18:46 2017
7995054292,Thu Mar  9 10:58:43 2017
6746370113,Thu Mar  9 09:55:51 2017
8496592953,Thu Mar  9 09:37:52 2017
9151591241,Thu Mar  9 09:34:16 2017
2740795879,Thu Mar  9 09:29:36 2017
5835261868,Thu Mar  9 09:24:39 2017
1436688927,Thu Mar  9 09:19:23 2017
8909473187,Thu Mar  9 09:05:36 2017
4218793850,Thu Mar  9 08:53:52 2017
3899334780,Thu Mar  9 08:46:59 2017
9689537360,Thu Mar  9 07:25:24 2017
7445261371,Wed Mar  8 23:00:46 2017
2119042876,Wed Mar  8 22:44:02 2017
3026905256,Wed Mar  8 21:46:59 2017
4362691229,Wed Mar  8 20:33:29 2017
3987371890,Wed Mar  8 19:38:27 2017
3985333022,Wed Mar  8 12:26:02 2017
9738122945,Wed Mar  8 11:29:57 2017
9738122945,Wed Mar  8 11:15:54 2017
1617645371,Wed Mar  8 10:48:16 2017
9574803948,Tue Mar  7 21:46:33 2017
9796081404,Tue Mar  7 15:31:06 2017
4631136205,Tue Mar  7 14:42:15 2017
1732110525,Tue Mar  7 10:51:43 2017
7706368610,Tue Mar  7 10:31:10 2017
2049392033,Tue Mar  7 10:17:40 2017
5848393859,Mon Mar  6 19:45:30 2017
5943734899,Mon Mar  6 14:01:45 2017
8386477051,Fri Mar  3 15:41:32 2017
9168404128,Fri Mar  3 13:35:57 2017
9151591241,Thu Mar  2 10:19:02 2017
5943734899,Wed Mar  1 11:16:47 2017
5848393859,Wed Mar  1 10:29:30 2017
6720239816,Tue Feb 28 17:31:27 2017
6720239816,Mon Feb 27 17:22:26 2017
6720239816,Mon Feb 27 13:43:14 2017
6684351055,Mon Feb 27 08:58:47 2017
7724641315,Sat Feb 25 17:39:04 2017
5198529145,Sat Feb 25 16:37:20 2017
8077803360,Fri Feb 24 20:05:48 2017
6465995583,Fri Feb 24 16:27:14 2017
8386477051,Fri Feb 24 15:12:56 2017
5943734899,Fri Feb 24 11:40:06 2017
8386477051,Fri Feb 24 10:08:26 2017
3951671371,Fri Feb 24 10:07:07 2017
5903939600,Thu Feb 23 10:13:56 2017
5848393859,Thu Feb 23 09:33:26 2017
5943734899,Wed Feb 22 11:21:44 2017
2179486452,Wed Feb 22 11:15:23 2017
2274514007,Wed Feb 22 11:12:47 2017
8521947776,Wed Feb 22 10:12:20 2017
2179486452,Tue Feb 21 12:00:46 2017
2179486452,Mon Feb 20 13:48:34 2017
9738122945,Mon Feb 20 13:37:27 2017
2179486452,Mon Feb 20 13:16:09 2017
1110760499,Sun Feb 19 21:33:46 2017
5848393859,Fri Feb 17 13:45:10 2017
4804527358,Thu Feb 16 10:08:34 2017
5943734899,Wed Feb 15 11:27:13 2017
3147973907,Wed Feb 15 10:47:31 2017
5737944092,Tue Feb 14 14:54:40 2017
5848393859,Mon Feb 13 14:04:19 2017
1667092746,Sat Feb 11 01:44:40 2017
4061615985,Fri Feb 10 22:57:32 2017
3175283884,Fri Feb 10 15:31:23 2017
7724641315,Thu Feb  9 21:28:30 2017
9796081404,Thu Feb  9 15:31:00 2017
4061615985,Wed Feb  8 22:18:22 2017
8870069019,Wed Feb  8 16:11:56 2017
5848393859,Wed Feb  8 14:28:11 2017
1934634619,Wed Feb  8 14:25:21 2017
7932502021,Wed Feb  8 13:41:39 2017
8674233429,Wed Feb  8 06:53:49 2017
3717787755,Tue Feb  7 13:11:18 2017
2179486452,Tue Feb  7 11:05:18 2017
4740780044,Tue Feb  7 08:51:14 2017
5848393859,Mon Feb  6 14:22:26 2017
8153394803,Fri Feb  3 17:13:15 2017
7077632462,Thu Feb  2 17:38:26 2017
1382746521,Thu Feb  2 11:09:41 2017
2179486452,Thu Jan 26 15:05:16 2017
3966435964,Wed Jan 25 17:07:09 2017
1127528649,Tue Jan 24 15:41:36 2017
1885787795,Tue Jan 24 11:18:01 2017
5808549553,Sun Jan 22 09:44:28 2017
8701327171,Fri Jan 20 15:40:46 2017
5848393859,Fri Jan 20 14:06:46 2017
2473514879,Fri Jan 20 11:24:25 2017
1507559854,Wed Jan 18 23:36:11 2017
9796088689,Wed Jan 18 13:25:21 2017
7724641315,Tue Jan 17 16:12:20 2017
8870069019,Tue Jan 17 12:54:49 2017
2346854936,Tue Jan 17 09:56:53 2017
9001529661,Tue Jan 17 09:31:33 2017
1982590335,Tue Jan 17 09:14:25 2017
3991471504,Mon Jan 16 16:10:52 2017
3702959154,Mon Jan 16 15:00:41 2017
2346854936,Mon Jan 16 14:41:07 2017
3702959154,Mon Jan 16 14:40:40 2017
9796081404,Mon Jan 16 14:25:55 2017
9001529661,Mon Jan 16 14:10:23 2017
3419820853,Mon Jan 16 11:31:09 2017
5848393859,Mon Jan 16 11:08:35 2017
9001529661,Mon Jan 16 11:06:21 2017
9001529661,Mon Jan 16 09:31:18 2017
5848393859,Fri Jan 13 14:55:06 2017
6239717419,Fri Jan 13 14:39:12 2017
5818987366,Fri Jan 13 12:56:46 2017
9001529661,Fri Jan 13 10:35:41 2017
1680847717,Fri Jan 13 09:46:43 2017
9001529661,Fri Jan 13 09:38:38 2017
9001529661,Fri Jan 13 09:32:38 2017
9476638348,Fri Jan 13 09:16:25 2017
2000828334,Thu Jan 12 19:09:52 2017
5575758144,Thu Jan 12 16:32:38 2017
3966435964,Thu Jan 12 15:20:56 2017
9001529661,Thu Jan 12 13:36:16 2017
5808549553,Thu Jan 12 10:47:37 2017
5818987366,Wed Jan 11 15:38:36 2017
2179486452,Wed Jan 11 14:59:43 2017
5030888424,Wed Jan 11 11:46:05 2017
5818987366,Wed Jan 11 11:44:24 2017
9001529661,Wed Jan 11 10:49:29 2017
4052190354,Wed Jan 11 10:06:24 2017
9001529661,Wed Jan 11 09:31:10 2017
1752742642,Wed Jan 11 09:22:20 2017
3147973907,Wed Jan 11 09:20:05 2017
8485529959,Wed Jan 11 07:17:52 2017
8178709480,Tue Jan 10 14:29:49 2017
2918906257,Tue Jan 10 13:58:20 2017
5818987366,Tue Jan 10 11:45:51 2017
4052190354,Tue Jan 10 10:22:42 2017
9001529661,Tue Jan 10 09:32:33 2017
1549339762,Tue Jan 10 09:21:07 2017
8510715167,Mon Jan  9 23:00:00 2017
4180619914,Mon Jan  9 21:44:02 2017
5468976243,Mon Jan  9 21:36:55 2017
5818987366,Mon Jan  9 21:29:31 2017
9689537360,Mon Jan  9 20:44:22 2017
5973076722,Mon Jan  9 18:27:48 2017
1443969131,Mon Jan  9 18:13:59 2017
8951444715,Mon Jan  9 16:30:10 2017
8951444715,Mon Jan  9 14:41:49 2017
8771639546,Mon Jan  9 14:18:00 2017
1321496871,Mon Jan  9 13:48:30 2017
1934634619,Mon Jan  9 13:40:17 2017
4052190354,Mon Jan  9 13:23:28 2017
7400721139,Mon Jan  9 12:19:51 2017
9779206257,Mon Jan  9 12:16:13 2017
9001529661,Mon Jan  9 10:41:46 2017
9201315470,Sun Jan  8 20:52:56 2017
8592376506,Sun Jan  8 15:57:16 2017
4218130237,Sun Jan  8 12:28:37 2017
1443969131,Sat Jan  7 14:52:45 2017
5818987366,Fri Jan  6 18:24:15 2017
1351149289,Fri Jan  6 16:32:40 2017
3514266075,Fri Jan  6 13:23:30 2017
5554439943,Fri Jan  6 09:59:50 2017
3798751253,Fri Jan  6 09:46:03 2017
1752742642,Fri Jan  6 09:42:02 2017
1752742642,Fri Jan  6 09:37:53 2017
9796081404,Fri Jan  6 09:37:20 2017
6684351055,Fri Jan  6 09:19:27 2017
2710156747,Fri Jan  6 09:16:17 2017
8998668931,Fri Jan  6 08:39:56 2017
2903572443,Fri Jan  6 08:04:25 2017
2398601232,Fri Jan  6 01:46:42 2017
2899425345,Thu Jan  5 22:05:59 2017
8977287591,Thu Jan  5 21:51:08 2017
7077632462,Thu Jan  5 20:33:38 2017
1232578504,Thu Jan  5 16:55:11 2017
2899425345,Thu Jan  5 14:41:34 2017
8784659245,Thu Jan  5 09:23:14 2017
8422383837,Thu Jan  5 08:54:01 2017
9001529661,Wed Jan  4 23:38:19 2017
5837672917,Wed Jan  4 23:14:57 2017
5973076722,Wed Jan  4 21:34:45 2017
5227532387,Wed Jan  4 20:41:47 2017
4362691229,Wed Jan  4 20:16:47 2017
8178709480,Wed Jan  4 17:37:57 2017
3971162248,Wed Jan  4 15:05:08 2017
2899425345,Wed Jan  4 13:58:07 2017
5554439943,Wed Jan  4 13:43:28 2017
2899425345,Wed Jan  4 10:37:15 2017
2499236004,Wed Jan  4 10:02:00 2017
7222404707,Wed Jan  4 09:59:05 2017
3141159096,Wed Jan  4 09:38:12 2017
6339131792,Tue Jan  3 23:52:48 2017
5973076722,Tue Jan  3 21:32:59 2017
4362691229,Tue Jan  3 19:34:11 2017
5818987366,Tue Jan  3 16:34:29 2017
1755117313,Tue Jan  3 15:54:43 2017
2899425345,Tue Jan  3 13:57:56 2017
5554439943,Tue Jan  3 12:31:06 2017
1340956498,Mon Jan  2 22:46:29 2017
8678403339,Mon Jan  2 22:10:46 2017
9327962686,Mon Jan  2 20:57:25 2017
3835742591,Mon Jan  2 14:27:34 2017
4523803782,Sat Dec 31 23:24:50 2016
3175283884,Sat Dec 31 12:03:26 2016
8153394803,Sat Dec 31 10:24:57 2016
5818987366,Fri Dec 30 20:23:24 2016
2179486452,Fri Dec 30 15:26:17 2016
3419820853,Fri Dec 30 10:36:27 2016
4052190354,Fri Dec 30 10:05:59 2016
2938961284,Fri Dec 30 09:26:18 2016
1936997256,Fri Dec 30 09:24:45 2016
1879871648,Fri Dec 30 09:18:50 2016
8807090585,Fri Dec 30 08:23:28 2016
7726782343,Fri Dec 30 07:21:24 2016
5818987366,Thu Dec 29 20:53:33 2016
2938961284,Thu Dec 29 19:04:07 2016
9001529661,Thu Dec 29 12:03:05 2016
2379216119,Thu Dec 29 11:20:43 2016
3040516352,Thu Dec 29 08:30:39 2016
8705287439,Thu Dec 29 08:01:28 2016
9094602474,Wed Dec 28 14:20:46 2016
2899425345,Wed Dec 28 14:00:50 2016
6684351055,Wed Dec 28 13:37:06 2016
6035388741,Wed Dec 28 10:12:24 2016
5554439943,Tue Dec 27 13:47:02 2016
8091571022,Mon Dec 26 19:22:22 2016
5171159182,Mon Dec 26 18:29:24 2016
1351149289,Mon Dec 26 17:40:18 2016
9796081404,Mon Dec 26 09:24:44 2016
4549695679,Sun Dec 25 22:13:17 2016
1110760499,Sun Dec 25 21:19:41 2016
5416732722,Sun Dec 25 14:51:18 2016
7600172966,Sun Dec 25 11:18:38 2016
1354245277,Sat Dec 24 18:36:30 2016
8091571022,Fri Dec 23 18:22:04 2016
1359817358,Fri Dec 23 16:48:34 2016
1351149289,Fri Dec 23 16:26:47 2016
1732416777,Fri Dec 23 13:56:37 2016
7588725502,Fri Dec 23 13:29:56 2016
9001529661,Fri Dec 23 10:41:00 2016
6051473286,Fri Dec 23 10:00:21 2016
7588725502,Fri Dec 23 09:59:51 2016
4052190354,Fri Dec 23 09:54:01 2016
4737035409,Fri Dec 23 09:27:05 2016
9796081404,Fri Dec 23 09:24:42 2016
1696917172,Fri Dec 23 07:59:07 2016
7588725502,Thu Dec 22 23:12:20 2016
8253250268,Thu Dec 22 22:57:10 2016
7653779301,Thu Dec 22 22:20:48 2016
9526723452,Thu Dec 22 21:02:26 2016
8067151680,Thu Dec 22 20:30:16 2016
1460413211,Thu Dec 22 19:40:11 2016
5712453299,Thu Dec 22 17:39:05 2016
9038720649,Thu Dec 22 17:24:10 2016
1359817358,Thu Dec 22 17:13:10 2016
4387435692,Thu Dec 22 16:57:52 2016
4737035409,Thu Dec 22 14:44:46 2016
9139431529,Thu Dec 22 14:08:31 2016
4190165734,Thu Dec 22 11:55:30 2016
4737035409,Thu Dec 22 11:05:45 2016
4052190354,Thu Dec 22 10:35:59 2016
9327962686,Thu Dec 22 10:14:51 2016
1560439211,Thu Dec 22 10:13:48 2016
3391851449,Thu Dec 22 10:11:10 2016
1755117313,Thu Dec 22 10:11:08 2016
3482407467,Thu Dec 22 10:10:40 2016
9327962686,Thu Dec 22 10:04:03 2016
3391851449,Thu Dec 22 09:33:21 2016
4737035409,Thu Dec 22 09:28:00 2016
2320820054,Thu Dec 22 09:18:36 2016
1755117313,Thu Dec 22 09:13:26 2016
3147973907,Thu Dec 22 09:06:05 2016
3408392463,Thu Dec 22 08:50:19 2016
2179486452,Thu Dec 22 08:41:51 2016
5272718550,Thu Dec 22 07:43:08 2016
2697982453,Thu Dec 22 07:07:23 2016
1954331388,Thu Dec 22 01:29:28 2016
6339131792,Thu Dec 22 00:29:32 2016
4549695679,Wed Dec 21 23:13:26 2016
1102443239,Wed Dec 21 22:51:38 2016
1790964151,Wed Dec 21 22:33:10 2016
9327962686,Wed Dec 21 22:13:15 2016
9327962686,Wed Dec 21 22:05:34 2016
9327962686,Wed Dec 21 22:04:18 2016
1112826286,Wed Dec 21 21:47:47 2016
1359817358,Wed Dec 21 17:07:20 2016
3775527547,Wed Dec 21 16:41:53 2016
8785028115,Wed Dec 21 16:26:42 2016
1560439211,Wed Dec 21 16:19:44 2016
1755117313,Wed Dec 21 16:10:10 2016
4190165734,Wed Dec 21 16:00:10 2016
9327962686,Wed Dec 21 14:14:32 2016
9327962686,Wed Dec 21 14:06:42 2016
5737944092,Wed Dec 21 14:03:42 2016
1950842356,Wed Dec 21 13:46:16 2016
3391851449,Wed Dec 21 13:41:06 2016
9796081404,Wed Dec 21 13:40:22 2016
3419820853,Wed Dec 21 11:31:09 2016
3512702257,Wed Dec 21 11:08:55 2016
1755117313,Wed Dec 21 10:06:12 2016
6441297945,Wed Dec 21 06:15:19 2016
8860026266,Tue Dec 20 21:47:43 2016
5554439943,Tue Dec 20 15:10:36 2016
5554439943,Tue Dec 20 12:52:33 2016
4846174448,Tue Dec 20 11:53:13 2016
4713771380,Tue Dec 20 09:08:35 2016
1304227462,Mon Dec 19 18:19:06 2016
9526723452,Mon Dec 19 12:53:56 2016
1110760499,Sun Dec 18 21:17:30 2016
9548079733,Sun Dec 18 16:36:54 2016
4663617903,Sun Dec 18 00:02:26 2016
3692530518,Sat Dec 17 16:21:29 2016
7222404707,Sat Dec 17 11:05:45 2016
5712453299,Fri Dec 16 21:50:28 2016
3985333022,Fri Dec 16 21:10:02 2016
7565826878,Fri Dec 16 21:03:14 2016
2179486452,Thu Dec 15 10:49:14 2016
7482526343,Wed Dec 14 21:48:57 2016
4549695679,Tue Dec 13 23:02:36 2016
1112826286,Tue Dec 13 22:12:01 2016
1755117313,Mon Dec 12 13:58:24 2016
1110760499,Sun Dec 11 21:59:37 2016
7600172966,Sat Dec 10 18:15:36 2016
2935665712,Fri Dec  9 20:48:02 2016
8467337692,Fri Dec  9 11:27:31 2016
4006843729,Thu Dec  8 21:45:10 2016
5554439943,Thu Dec  8 14:25:40 2016
9844149997,Thu Dec  8 14:16:20 2016
3175283884,Thu Dec  8 14:08:30 2016
8456420523,Thu Dec  8 13:53:55 2016
2499236004,Thu Dec  8 13:39:49 2016
9526723452,Thu Dec  8 12:57:29 2016
1111105317,Thu Dec  8 11:35:19 2016
4009068545,Thu Dec  8 10:53:34 2016
1950842356,Thu Dec  8 09:45:32 2016
1808762234,Thu Dec  8 09:01:02 2016
3040516352,Thu Dec  8 08:31:44 2016
3475594561,Tue Dec  6 08:29:00 2016
3475594561,Tue Dec  6 07:15:17 2016
3482407467,Tue Dec  6 06:51:04 2016
6339131792,Tue Dec  6 00:16:32 2016
4516139025,Mon Dec  5 22:07:54 2016
5612045840,Mon Dec  5 21:28:01 2016
7876166588,Mon Dec  5 20:40:20 2016
9548079733,Mon Dec  5 16:47:01 2016
8953919669,Mon Dec  5 11:43:52 2016
4052190354,Mon Dec  5 11:39:49 2016
1736228370,Mon Dec  5 11:06:35 2016
3419820853,Mon Dec  5 11:02:21 2016
3765563451,Mon Dec  5 10:53:34 2016
9914133480,Mon Dec  5 10:37:41 2016
1227497446,Mon Dec  5 10:10:58 2016
6339131792,Sun Dec  4 23:58:29 2016
1110760499,Sun Dec  4 22:24:59 2016
3334350826,Sun Dec  4 21:50:28 2016
8580067752,Sun Dec  4 19:26:11 2016
5554439943,Sat Dec  3 11:43:53 2016
8036148629,Fri Dec  2 20:30:50 2016
9526723452,Fri Dec  2 12:59:18 2016
4763702785,Fri Dec  2 11:47:35 2016
1252997099,Fri Dec  2 10:50:51 2016
3419820853,Fri Dec  2 10:39:45 2016
7000535745,Fri Dec  2 10:34:07 2016
9796081404,Fri Dec  2 10:30:10 2016
4549695679,Fri Dec  2 10:13:33 2016
8830734198,Fri Dec  2 09:53:42 2016
9503573682,Fri Dec  2 09:46:39 2016
1660605971,Fri Dec  2 09:45:01 2016
8400470979,Fri Dec  2 09:43:41 2016
4530303607,Fri Dec  2 09:41:35 2016
5962598375,Fri Dec  2 09:40:45 2016
1637156474,Fri Dec  2 08:52:05 2016
9689537360,Thu Dec  1 21:13:14 2016
1492140143,Thu Dec  1 18:56:58 2016
2500907091,Wed Nov 30 14:43:21 2016
4218793850,Wed Nov 30 13:52:09 2016
1722751086,Tue Nov 29 15:00:37 2016
2378476574,Tue Nov 29 10:18:05 2016
6948817728,Tue Nov 29 09:39:13 2016
1660605971,Tue Nov 29 09:05:37 2016
4438725771,Tue Nov 29 08:59:42 2016
1351149289,Mon Nov 28 17:46:26 2016
2378476574,Mon Nov 28 15:11:53 2016
3914156862,Mon Nov 28 12:53:20 2016
3492723866,Mon Nov 28 11:56:48 2016
3800219317,Mon Nov 28 11:55:25 2016
1035396249,Mon Nov 28 11:28:22 2016
9796081404,Mon Nov 28 09:45:15 2016
7678937525,Sat Nov 26 20:32:03 2016
7600172966,Sat Nov 26 20:03:03 2016
7388409165,Fri Nov 25 20:42:16 2016
3439502655,Fri Nov 25 18:41:55 2016
3419820853,Fri Nov 25 10:59:30 2016
4726701671,Fri Nov 25 09:32:02 2016
9796081404,Fri Nov 25 09:21:04 2016
1507559854,Thu Nov 24 20:39:42 2016
1351149289,Thu Nov 24 17:59:09 2016
9151591241,Thu Nov 24 17:34:31 2016
8354924739,Thu Nov 24 17:06:13 2016
3492723866,Thu Nov 24 11:45:10 2016
8581532078,Thu Nov 24 09:47:41 2016
5124430882,Thu Nov 24 09:42:27 2016
1722751086,Thu Nov 24 09:39:32 2016
9796081404,Thu Nov 24 09:38:01 2016
1423043117,Tue Nov 22 17:09:27 2016
2697966256,Tue Nov 22 15:18:47 2016
2847338876,Tue Nov 22 14:06:19 2016
1950842356,Tue Nov 22 12:18:01 2016
1950842356,Mon Nov 21 16:20:48 2016
7600172966,Fri Nov 18 20:24:16 2016
1585953854,Fri Nov 18 19:54:02 2016
9274913532,Fri Nov 18 14:21:22 2016
8352280855,Thu Nov 17 22:40:41 2016
2249168870,Thu Nov 17 22:39:36 2016
8178709480,Wed Nov 16 07:14:52 2016
8674233429,Mon Nov 14 22:07:53 2016
9301676814,Mon Nov 14 19:44:55 2016
4052190354,Mon Nov 14 10:44:31 2016
2228854973,Mon Nov 14 07:46:56 2016
1862743469,Fri Nov 11 13:53:34 2016
7480311843,Fri Nov 11 09:10:43 2016
3415949032,Thu Nov 10 12:28:43 2016
6237962842,Thu Nov 10 10:03:13 2016
8400470979,Thu Nov 10 09:46:05 2016
3966435964,Wed Nov  9 16:23:01 2016
8400470979,Wed Nov  9 10:19:36 2016
8400470979,Wed Nov  9 10:17:26 2016
2710531225,Wed Nov  9 08:52:16 2016
1279237522,Tue Nov  8 23:32:10 2016
6063939237,Tue Nov  8 11:41:08 2016
9327962686,Mon Nov  7 12:18:09 2016
3439502655,Mon Nov  7 10:23:13 2016
1689987310,Mon Nov  7 09:06:33 2016
3040516352,Mon Nov  7 08:21:44 2016
1110760499,Sun Nov  6 19:49:47 2016
3832727502,Sun Nov  6 16:18:20 2016
5242651264,Sat Nov  5 18:13:11 2016
5593585571,Sat Nov  5 13:37:55 2016
6654591510,Fri Nov  4 14:58:21 2016
4522535306,Fri Nov  4 14:50:02 2016
8852574230,Fri Nov  4 12:43:04 2016
4522535306,Fri Nov  4 10:25:15 2016
8400470979,Fri Nov  4 10:07:46 2016
3900738612,Fri Nov  4 09:46:27 2016
8837479257,Fri Nov  4 09:37:55 2016
8400470979,Thu Nov  3 14:30:23 2016
3615054303,Thu Nov  3 13:26:02 2016
5554439943,Thu Nov  3 11:05:18 2016
8852574230,Thu Nov  3 10:12:48 2016
1037758157,Thu Nov  3 00:22:10 2016
2527543897,Wed Nov  2 19:55:47 2016
3839720987,Tue Nov  1 19:25:42 2016
6754913087,Tue Nov  1 18:29:20 2016
2009011083,Tue Nov  1 10:58:32 2016
5242651264,Tue Nov  1 08:58:20 2016
4078652834,Tue Nov  1 01:58:29 2016
3538780974,Mon Oct 31 22:02:46 2016
8538337291,Mon Oct 31 14:34:01 2016
5884780618,Sun Oct 30 22:42:44 2016
1110760499,Sun Oct 30 21:45:11 2016
6575536030,Fri Oct 28 18:41:56 2016
8538337163,Fri Oct 28 15:33:04 2016
7893778198,Fri Oct 28 14:08:35 2016
3439502655,Fri Oct 28 12:57:49 2016
8538337163,Thu Oct 27 15:35:40 2016
8015595324,Thu Oct 27 09:09:43 2016
8538337163,Wed Oct 26 12:20:49 2016
3718972938,Tue Oct 25 23:37:02 2016
6325635813,Tue Oct 25 16:25:48 2016
6732330270,Tue Oct 25 15:06:22 2016
8979634947,Tue Oct 25 13:05:05 2016
1220178634,Tue Oct 25 10:28:16 2016
3066636873,Tue Oct 25 09:38:37 2016
5848393859,Tue Oct 25 09:29:14 2016
7987177105,Tue Oct 25 01:22:08 2016
3626598692,Mon Oct 24 14:49:55 2016
3718972938,Mon Oct 24 14:26:23 2016
3066636873,Mon Oct 24 10:50:27 2016
3066636873,Mon Oct 24 10:39:26 2016
9796081404,Mon Oct 24 10:30:20 2016
5244765730,Mon Oct 24 10:28:45 2016
5416612514,Mon Oct 24 09:57:09 2016
3066636873,Mon Oct 24 09:44:17 2016
5135528717,Mon Oct 24 09:42:14 2016
9117837237,Mon Oct 24 09:39:43 2016
3900738612,Mon Oct 24 09:37:19 2016
9796081404,Mon Oct 24 09:35:28 2016
1409800494,Mon Oct 24 09:28:50 2016
1300284000,Mon Oct 24 09:10:49 2016
2640474463,Sun Oct 23 21:42:33 2016
5712453299,Sun Oct 23 21:40:03 2016
1110760499,Sun Oct 23 21:07:30 2016
4549695679,Sun Oct 23 18:07:06 2016
4438725771,Sun Oct 23 17:32:36 2016
8538337291,Sun Oct 23 01:23:42 2016
1578902337,Sat Oct 22 20:06:42 2016
6417872824,Sat Oct 22 13:15:33 2016
7496820729,Fri Oct 21 19:16:13 2016
7600172966,Fri Oct 21 18:05:04 2016
1756136820,Fri Oct 21 17:27:32 2016
7028963471,Fri Oct 21 14:09:22 2016
3066636873,Fri Oct 21 14:08:49 2016
1220178634,Fri Oct 21 13:15:03 2016
5244765730,Fri Oct 21 13:08:00 2016
1585953854,Fri Oct 21 12:17:35 2016
3066636873,Fri Oct 21 10:52:48 2016
3066636873,Fri Oct 21 10:30:53 2016
2640474463,Thu Oct 20 21:46:57 2016
2553716487,Thu Oct 20 21:01:37 2016
9315034509,Thu Oct 20 14:06:01 2016
4052190354,Thu Oct 20 14:03:31 2016
6310526005,Thu Oct 20 13:44:47 2016
3066636873,Thu Oct 20 13:44:07 2016
3066636873,Thu Oct 20 13:26:10 2016
3626598692,Thu Oct 20 09:33:48 2016
4109162637,Thu Oct 20 09:25:29 2016
1198800745,Thu Oct 20 08:57:24 2016
8419670276,Thu Oct 20 08:57:13 2016
6110809897,Thu Oct 20 02:06:41 2016
6799954119,Wed Oct 19 23:59:00 2016
4438725771,Wed Oct 19 23:03:20 2016
5198529145,Wed Oct 19 22:49:27 2016
2119042876,Wed Oct 19 22:38:49 2016
7565826878,Wed Oct 19 22:25:39 2016
6478421764,Wed Oct 19 22:10:25 2016
9553150773,Wed Oct 19 21:40:17 2016
8877347129,Wed Oct 19 21:25:10 2016
8869848275,Wed Oct 19 21:01:53 2016
3232269027,Wed Oct 19 20:45:55 2016
3246492097,Wed Oct 19 20:03:53 2016
3040516352,Wed Oct 19 19:58:38 2016
7600172966,Wed Oct 19 19:27:38 2016
5135528717,Wed Oct 19 19:18:34 2016
2916118151,Wed Oct 19 19:05:05 2016
5135528717,Wed Oct 19 18:53:11 2016
1208225767,Wed Oct 19 18:46:05 2016
1351149289,Wed Oct 19 18:10:13 2016
1304227462,Wed Oct 19 16:12:59 2016
6109819464,Wed Oct 19 15:12:45 2016
3626598692,Wed Oct 19 15:00:43 2016
8591228175,Wed Oct 19 14:48:49 2016
6372814679,Wed Oct 19 12:56:46 2016
6237627046,Wed Oct 19 12:47:04 2016
1553799558,Wed Oct 19 12:30:25 2016
2697966256,Wed Oct 19 12:19:35 2016
2697966256,Wed Oct 19 12:18:35 2016
4052190354,Wed Oct 19 11:55:57 2016
3492723866,Wed Oct 19 11:46:07 2016
3439502655,Wed Oct 19 11:37:43 2016
5848393859,Wed Oct 19 11:02:06 2016
1585953854,Wed Oct 19 10:51:15 2016
7185631441,Wed Oct 19 10:31:11 2016
1934634619,Wed Oct 19 10:28:40 2016
1705867873,Wed Oct 19 10:23:11 2016
1163296980,Wed Oct 19 10:20:05 2016
3596227641,Wed Oct 19 10:04:03 2016
3066636873,Wed Oct 19 09:54:53 2016
3596227641,Wed Oct 19 09:54:17 2016
4522535306,Wed Oct 19 09:47:18 2016
5490605649,Wed Oct 19 09:47:04 2016
4163192394,Wed Oct 19 09:45:47 2016
1705867873,Wed Oct 19 09:45:43 2016
5124430882,Wed Oct 19 09:43:24 2016
5124430882,Wed Oct 19 09:37:55 2016
6618873118,Wed Oct 19 09:34:51 2016
8152922548,Wed Oct 19 09:31:45 2016
6199367057,Wed Oct 19 09:29:20 2016
9796081404,Wed Oct 19 09:24:32 2016
1507813120,Wed Oct 19 09:22:30 2016
1585953854,Wed Oct 19 08:11:49 2016
6110809897,Wed Oct 19 01:25:44 2016
5705779635,Tue Oct 18 18:39:55 2016
8877347129,Tue Oct 18 17:04:57 2016
1304227462,Tue Oct 18 16:43:20 2016
1537849445,Tue Oct 18 16:25:18 2016
4167653204,Tue Oct 18 14:04:46 2016
8825713085,Tue Oct 18 13:34:20 2016
3066636873,Tue Oct 18 13:01:11 2016
3492723866,Tue Oct 18 11:41:00 2016
6618873118,Tue Oct 18 10:42:08 2016
1585953854,Tue Oct 18 10:26:37 2016
5848393859,Tue Oct 18 10:12:22 2016
3482407467,Tue Oct 18 09:54:14 2016
9151591241,Tue Oct 18 09:51:49 2016
9914133480,Tue Oct 18 09:46:02 2016
9796081404,Tue Oct 18 09:45:07 2016
3066636873,Tue Oct 18 09:38:21 2016
9796081404,Tue Oct 18 09:33:54 2016
7075438339,Tue Oct 18 09:12:49 2016
1300590480,Tue Oct 18 09:03:50 2016
6441297945,Tue Oct 18 08:15:46 2016
3066636873,Tue Oct 18 00:05:03 2016
1474172271,Mon Oct 17 22:04:38 2016
2527543897,Mon Oct 17 15:45:19 2016
5848393859,Mon Oct 17 15:03:31 2016
9151591241,Mon Oct 17 14:23:29 2016
6618873118,Mon Oct 17 13:30:46 2016
3066636873,Mon Oct 17 10:22:48 2016
3738479286,Mon Oct 17 10:04:56 2016
9151591241,Mon Oct 17 09:38:25 2016
5073671118,Mon Oct 17 08:40:22 2016
9843367881,Mon Oct 17 07:39:17 2016
2697982453,Sun Oct 16 22:43:18 2016
4516139025,Sun Oct 16 22:21:50 2016
5959086091,Sat Oct 15 20:36:30 2016
8591228175,Sat Oct 15 16:04:08 2016
1191579772,Fri Oct 14 14:44:27 2016
9151591241,Fri Oct 14 09:49:55 2016
8591228175,Fri Oct 14 09:49:32 2016
9796081404,Fri Oct 14 09:45:17 2016
8756555790,Fri Oct 14 09:34:54 2016
9151591241,Fri Oct 14 09:32:07 2016
1766225270,Fri Oct 14 09:20:10 2016
1766225270,Fri Oct 14 09:18:58 2016
1102819579,Fri Oct 14 09:18:01 2016
5745961531,Fri Oct 14 09:12:03 2016
5745961531,Fri Oct 14 09:11:16 2016
7565354932,Fri Oct 14 09:07:54 2016
8962140844,Fri Oct 14 09:07:31 2016
2228854973,Fri Oct 14 08:52:40 2016
1136010006,Fri Oct 14 08:45:46 2016
2527543897,Fri Oct 14 08:41:08 2016
2710156747,Fri Oct 14 08:32:31 2016
1689987310,Fri Oct 14 08:31:01 2016
1689987310,Fri Oct 14 08:22:55 2016
9432387409,Fri Oct 14 08:18:45 2016
3040516352,Fri Oct 14 08:17:40 2016
2916118151,Fri Oct 14 08:14:28 2016
3482407467,Fri Oct 14 07:45:58 2016
6109819464,Thu Oct 13 23:14:50 2016
8908714575,Thu Oct 13 21:29:21 2016
5913570656,Thu Oct 13 20:22:46 2016
4356976291,Thu Oct 13 19:48:02 2016
2527543897,Wed Oct 12 10:52:03 2016
1630331177,Mon Oct 10 23:20:35 2016
1526143374,Fri Oct  7 09:58:33 2016
3466437600,Fri Sep 30 15:04:21 2016
5745961531,Fri Sep 30 09:03:07 2016
9904691306,Fri Sep 30 08:17:49 2016
2697982453,Fri Sep 30 07:54:00 2016
7185631441,Fri Sep 30 01:20:41 2016
2527543897,Thu Sep 29 23:54:34 2016
5124430882,Thu Sep 29 21:23:05 2016
9151591241,Thu Sep 29 09:52:29 2016
2527543897,Wed Sep 28 08:24:36 2016
9796081404,Tue Sep 27 20:01:02 2016
5848393859,Tue Sep 20 13:24:12 2016
5848393859,Tue Sep 20 13:11:35 2016
9151591241,Tue Sep 20 10:51:08 2016
5848393859,Mon Sep 19 14:53:15 2016
3743491496,Thu Sep 15 15:50:59 2016
9151591241,Wed Sep 14 17:23:06 2016
9796081404,Wed Sep 14 09:30:12 2016
2854140221,Tue Sep 13 14:17:14 2016
9151591241,Tue Sep 13 11:10:49 2016
